classification,chromosome,region_start,region_end,transcript,gene_uniprot,gene_eggnog,description_uniprot,saccver,Tissue specificity
low_div,chr1,800000,2000000,FUN_000060,VMN2R26,Vmn2r65,Vomeronasal type-2 receptor 26 (Putative pheromone receptor V2R1b) (Vomeronasal type-2 receptor 1b),Q6TAC4,TISSUE SPECIFICITY: Expressed in the basal epithelium of the vomeronasal organ. Located to vomeronasal sensory neurons that project their axons to six to ten glomeruli that reside in globally conserved areas within the caudal accessory olfactory bulb (AOB). {ECO:0000269|PubMed:12354396}.
low_div,chr1,800000,2000000,FUN_000061,VMN2R26,,Vomeronasal type-2 receptor 26 (Putative pheromone receptor V2R1b) (Vomeronasal type-2 receptor 1b),Q6TAC4,TISSUE SPECIFICITY: Expressed in the basal epithelium of the vomeronasal organ. Located to vomeronasal sensory neurons that project their axons to six to ten glomeruli that reside in globally conserved areas within the caudal accessory olfactory bulb (AOB). {ECO:0000269|PubMed:12354396}.
low_div,chr1,800000,2000000,FUN_000062,VMN2R26,Vmn2r65,Vomeronasal type-2 receptor 26 (Putative pheromone receptor V2R1b) (Vomeronasal type-2 receptor 1b),Q6TAC4,TISSUE SPECIFICITY: Expressed in the basal epithelium of the vomeronasal organ. Located to vomeronasal sensory neurons that project their axons to six to ten glomeruli that reside in globally conserved areas within the caudal accessory olfactory bulb (AOB). {ECO:0000269|PubMed:12354396}.
low_div,chr1,800000,2000000,FUN_000063,VMN2R26,Vmn2r65,Vomeronasal type-2 receptor 26 (Putative pheromone receptor V2R1b) (Vomeronasal type-2 receptor 1b),Q6TAC4,TISSUE SPECIFICITY: Expressed in the basal epithelium of the vomeronasal organ. Located to vomeronasal sensory neurons that project their axons to six to ten glomeruli that reside in globally conserved areas within the caudal accessory olfactory bulb (AOB). {ECO:0000269|PubMed:12354396}.
low_div,chr1,800000,2000000,FUN_000064,VMN2R26,Vmn2r65,Vomeronasal type-2 receptor 26 (Putative pheromone receptor V2R1b) (Vomeronasal type-2 receptor 1b),Q6TAC4,TISSUE SPECIFICITY: Expressed in the basal epithelium of the vomeronasal organ. Located to vomeronasal sensory neurons that project their axons to six to ten glomeruli that reside in globally conserved areas within the caudal accessory olfactory bulb (AOB). {ECO:0000269|PubMed:12354396}.
low_div,chr1,800000,2000000,FUN_000065,VMN2R26,Vmn2r65,Vomeronasal type-2 receptor 26 (Putative pheromone receptor V2R1b) (Vomeronasal type-2 receptor 1b),Q6TAC4,TISSUE SPECIFICITY: Expressed in the basal epithelium of the vomeronasal organ. Located to vomeronasal sensory neurons that project their axons to six to ten glomeruli that reside in globally conserved areas within the caudal accessory olfactory bulb (AOB). {ECO:0000269|PubMed:12354396}.
low_div,chr1,800000,2000000,FUN_000066,VMN2R26,Vmn2r65,Vomeronasal type-2 receptor 26 (Putative pheromone receptor V2R1b) (Vomeronasal type-2 receptor 1b),Q6TAC4,TISSUE SPECIFICITY: Expressed in the basal epithelium of the vomeronasal organ. Located to vomeronasal sensory neurons that project their axons to six to ten glomeruli that reside in globally conserved areas within the caudal accessory olfactory bulb (AOB). {ECO:0000269|PubMed:12354396}.
low_div,chr1,800000,2000000,FUN_000067,CASR,Vmn2r65,Extracellular calcium-sensing receptor (CaSR) (Parathyroid cell calcium-sensing receptor) (PCaR1),O62714,
low_div,chr1,800000,2000000,FUN_000068,VMN2R26,Vmn2r65,Vomeronasal type-2 receptor 26 (Putative pheromone receptor V2R1b) (Vomeronasal type-2 receptor 1b),Q6TAC4,TISSUE SPECIFICITY: Expressed in the basal epithelium of the vomeronasal organ. Located to vomeronasal sensory neurons that project their axons to six to ten glomeruli that reside in globally conserved areas within the caudal accessory olfactory bulb (AOB). {ECO:0000269|PubMed:12354396}.
low_div,chr1,800000,2000000,FUN_000069,VMN2R26,Vmn2r65,Vomeronasal type-2 receptor 26 (Putative pheromone receptor V2R1b) (Vomeronasal type-2 receptor 1b),Q6TAC4,TISSUE SPECIFICITY: Expressed in the basal epithelium of the vomeronasal organ. Located to vomeronasal sensory neurons that project their axons to six to ten glomeruli that reside in globally conserved areas within the caudal accessory olfactory bulb (AOB). {ECO:0000269|PubMed:12354396}.
low_div,chr1,800000,2000000,FUN_000070,,,,,
low_div,chr1,800000,2000000,FUN_000071,VMN2R26,Vmn2r65,Vomeronasal type-2 receptor 26 (Putative pheromone receptor V2R1b) (Vomeronasal type-2 receptor 1b),Q6TAC4,TISSUE SPECIFICITY: Expressed in the basal epithelium of the vomeronasal organ. Located to vomeronasal sensory neurons that project their axons to six to ten glomeruli that reside in globally conserved areas within the caudal accessory olfactory bulb (AOB). {ECO:0000269|PubMed:12354396}.
low_div,chr1,800000,2000000,FUN_000072,,,,,
low_div,chr1,800000,2000000,FUN_000073,VMN2R26,,Vomeronasal type-2 receptor 26 (Putative pheromone receptor V2R1b) (Vomeronasal type-2 receptor 1b),Q6TAC4,TISSUE SPECIFICITY: Expressed in the basal epithelium of the vomeronasal organ. Located to vomeronasal sensory neurons that project their axons to six to ten glomeruli that reside in globally conserved areas within the caudal accessory olfactory bulb (AOB). {ECO:0000269|PubMed:12354396}.
low_div,chr1,800000,2000000,FUN_000074,VMN2R26,Vmn2r65,Vomeronasal type-2 receptor 26 (Putative pheromone receptor V2R1b) (Vomeronasal type-2 receptor 1b),Q6TAC4,TISSUE SPECIFICITY: Expressed in the basal epithelium of the vomeronasal organ. Located to vomeronasal sensory neurons that project their axons to six to ten glomeruli that reside in globally conserved areas within the caudal accessory olfactory bulb (AOB). {ECO:0000269|PubMed:12354396}.
low_div,chr1,800000,2000000,FUN_000075,VMN2R26,Vmn2r65,Vomeronasal type-2 receptor 26 (Putative pheromone receptor V2R1b) (Vomeronasal type-2 receptor 1b),Q6TAC4,TISSUE SPECIFICITY: Expressed in the basal epithelium of the vomeronasal organ. Located to vomeronasal sensory neurons that project their axons to six to ten glomeruli that reside in globally conserved areas within the caudal accessory olfactory bulb (AOB). {ECO:0000269|PubMed:12354396}.
low_div,chr1,800000,2000000,FUN_000076,VMN2R26,Vmn2r65,Vomeronasal type-2 receptor 26 (Putative pheromone receptor V2R1b) (Vomeronasal type-2 receptor 1b),Q6TAC4,TISSUE SPECIFICITY: Expressed in the basal epithelium of the vomeronasal organ. Located to vomeronasal sensory neurons that project their axons to six to ten glomeruli that reside in globally conserved areas within the caudal accessory olfactory bulb (AOB). {ECO:0000269|PubMed:12354396}.
low_div,chr1,800000,2000000,FUN_000077,VMN2R26,Vmn2r65,Vomeronasal type-2 receptor 26 (Putative pheromone receptor V2R1b) (Vomeronasal type-2 receptor 1b),Q6TAC4,TISSUE SPECIFICITY: Expressed in the basal epithelium of the vomeronasal organ. Located to vomeronasal sensory neurons that project their axons to six to ten glomeruli that reside in globally conserved areas within the caudal accessory olfactory bulb (AOB). {ECO:0000269|PubMed:12354396}.
low_div,chr1,800000,2000000,FUN_000078,VMN2R26,Vmn2r65,Vomeronasal type-2 receptor 26 (Putative pheromone receptor V2R1b) (Vomeronasal type-2 receptor 1b),Q6TAC4,TISSUE SPECIFICITY: Expressed in the basal epithelium of the vomeronasal organ. Located to vomeronasal sensory neurons that project their axons to six to ten glomeruli that reside in globally conserved areas within the caudal accessory olfactory bulb (AOB). {ECO:0000269|PubMed:12354396}.
low_div,chr1,800000,2000000,FUN_000079,VMN2R26,Vmn2r65,Vomeronasal type-2 receptor 26 (Putative pheromone receptor V2R1b) (Vomeronasal type-2 receptor 1b),Q6TAC4,TISSUE SPECIFICITY: Expressed in the basal epithelium of the vomeronasal organ. Located to vomeronasal sensory neurons that project their axons to six to ten glomeruli that reside in globally conserved areas within the caudal accessory olfactory bulb (AOB). {ECO:0000269|PubMed:12354396}.
low_div,chr1,800000,2000000,FUN_000080,VMN2R26,Vmn2r65,Vomeronasal type-2 receptor 26 (Putative pheromone receptor V2R1b) (Vomeronasal type-2 receptor 1b),Q6TAC4,TISSUE SPECIFICITY: Expressed in the basal epithelium of the vomeronasal organ. Located to vomeronasal sensory neurons that project their axons to six to ten glomeruli that reside in globally conserved areas within the caudal accessory olfactory bulb (AOB). {ECO:0000269|PubMed:12354396}.
low_div,chr1,800000,2000000,FUN_000081,VMN2R26,Vmn2r65,Vomeronasal type-2 receptor 26 (Putative pheromone receptor V2R1b) (Vomeronasal type-2 receptor 1b),Q6TAC4,TISSUE SPECIFICITY: Expressed in the basal epithelium of the vomeronasal organ. Located to vomeronasal sensory neurons that project their axons to six to ten glomeruli that reside in globally conserved areas within the caudal accessory olfactory bulb (AOB). {ECO:0000269|PubMed:12354396}.
low_div,chr1,800000,2000000,FUN_000082,VMN2R26,Vmn2r65,Vomeronasal type-2 receptor 26 (Putative pheromone receptor V2R1b) (Vomeronasal type-2 receptor 1b),Q6TAC4,TISSUE SPECIFICITY: Expressed in the basal epithelium of the vomeronasal organ. Located to vomeronasal sensory neurons that project their axons to six to ten glomeruli that reside in globally conserved areas within the caudal accessory olfactory bulb (AOB). {ECO:0000269|PubMed:12354396}.
low_div,chr1,800000,2000000,FUN_000083,,,,,
low_div,chr1,800000,2000000,FUN_000084,CASR,Vmn2r65,Extracellular calcium-sensing receptor (CaSR) (Parathyroid cell calcium-sensing receptor) (PCaR1),O62714,
low_div,chr1,800000,2000000,FUN_000085,VMN2R26,,Vomeronasal type-2 receptor 26 (Putative pheromone receptor V2R1b) (Vomeronasal type-2 receptor 1b),Q6TAC4,TISSUE SPECIFICITY: Expressed in the basal epithelium of the vomeronasal organ. Located to vomeronasal sensory neurons that project their axons to six to ten glomeruli that reside in globally conserved areas within the caudal accessory olfactory bulb (AOB). {ECO:0000269|PubMed:12354396}.
low_div,chr1,800000,2000000,FUN_000086,VMN2R26,Vmn2r65,Vomeronasal type-2 receptor 26 (Putative pheromone receptor V2R1b) (Vomeronasal type-2 receptor 1b),Q6TAC4,TISSUE SPECIFICITY: Expressed in the basal epithelium of the vomeronasal organ. Located to vomeronasal sensory neurons that project their axons to six to ten glomeruli that reside in globally conserved areas within the caudal accessory olfactory bulb (AOB). {ECO:0000269|PubMed:12354396}.
low_div,chr1,800000,2000000,FUN_000087,CASR,,Extracellular calcium-sensing receptor (CaSR) (Parathyroid cell calcium-sensing receptor) (PCaR1),Q9QY96,"TISSUE SPECIFICITY: Epidermis, kidney and cartilage. {ECO:0000269|PubMed:10579354, ECO:0000269|PubMed:10625662, ECO:0000269|PubMed:10652312, ECO:0000269|PubMed:9076582}."
low_div,chr1,800000,2000000,FUN_000088,VMN2R1,Vmn2r65,Vomeronasal type-2 receptor 1 (Putative pheromone receptor V2R1) (V2Rx),O70410,TISSUE SPECIFICITY: Expressed at the sensory surface of the vomeronasal organ. {ECO:0000269|PubMed:11157070}.
low_div,chr1,800000,2000000,FUN_000089,VMN2R26,Vmn2r65,Vomeronasal type-2 receptor 26 (Putative pheromone receptor V2R1b) (Vomeronasal type-2 receptor 1b),Q6TAC4,TISSUE SPECIFICITY: Expressed in the basal epithelium of the vomeronasal organ. Located to vomeronasal sensory neurons that project their axons to six to ten glomeruli that reside in globally conserved areas within the caudal accessory olfactory bulb (AOB). {ECO:0000269|PubMed:12354396}.
low_div,chr1,800000,2000000,FUN_000090,VMN2R26,Vmn2r65,Vomeronasal type-2 receptor 26 (Putative pheromone receptor V2R1b) (Vomeronasal type-2 receptor 1b),Q6TAC4,TISSUE SPECIFICITY: Expressed in the basal epithelium of the vomeronasal organ. Located to vomeronasal sensory neurons that project their axons to six to ten glomeruli that reside in globally conserved areas within the caudal accessory olfactory bulb (AOB). {ECO:0000269|PubMed:12354396}.
low_div,chr1,800000,2000000,FUN_000091,VMN2R26,Vmn2r65,Vomeronasal type-2 receptor 26 (Putative pheromone receptor V2R1b) (Vomeronasal type-2 receptor 1b),Q6TAC4,TISSUE SPECIFICITY: Expressed in the basal epithelium of the vomeronasal organ. Located to vomeronasal sensory neurons that project their axons to six to ten glomeruli that reside in globally conserved areas within the caudal accessory olfactory bulb (AOB). {ECO:0000269|PubMed:12354396}.
low_div,chr1,800000,2000000,FUN_000092,CASR,Vmn2r65,Extracellular calcium-sensing receptor (CaSR) (Parathyroid cell calcium-sensing receptor) (PCaR1),O62714,
low_div,chr1,800000,2000000,FUN_000093,CASR,Vmn2r65,Extracellular calcium-sensing receptor (CaSR) (Parathyroid cell calcium-sensing receptor) (PCaR1),O62714,
low_div,chr1,800000,2000000,FUN_000094,VMN2R26,Vmn2r65,Vomeronasal type-2 receptor 26 (Putative pheromone receptor V2R1b) (Vomeronasal type-2 receptor 1b),Q6TAC4,TISSUE SPECIFICITY: Expressed in the basal epithelium of the vomeronasal organ. Located to vomeronasal sensory neurons that project their axons to six to ten glomeruli that reside in globally conserved areas within the caudal accessory olfactory bulb (AOB). {ECO:0000269|PubMed:12354396}.
low_div,chr1,800000,2000000,FUN_000095,VMN2R26,Vmn2r65,Vomeronasal type-2 receptor 26 (Putative pheromone receptor V2R1b) (Vomeronasal type-2 receptor 1b),Q6TAC4,TISSUE SPECIFICITY: Expressed in the basal epithelium of the vomeronasal organ. Located to vomeronasal sensory neurons that project their axons to six to ten glomeruli that reside in globally conserved areas within the caudal accessory olfactory bulb (AOB). {ECO:0000269|PubMed:12354396}.
low_div,chr1,800000,2000000,FUN_000096,NMRK2,NMRK2,Nicotinamide riboside kinase 2 (NRK 2) (NmR-K 2) (EC 2.7.1.22) (Integrin beta-1-binding protein 3) (Muscle integrin-binding protein) (MIBP) (Nicotinic acid riboside kinase 2) (EC 2.7.1.173) (Ribosylnicotinamide kinase 2) (RNK 2) (Ribosylnicotinic acid kinase 2),Q9NPI5,"TISSUE SPECIFICITY: Predominantly expressed in skeletal muscle and, at a much lower level, in the heart (at protein level). No expression in brain, kidney, liver, lung, pancreas nor placenta. {ECO:0000269|PubMed:10613898}."
low_div,chr1,800000,2000000,FUN_000097,,,,,
high_div,chr1,210300000,218300000,FUN_002635,NDUFB3,NDUFB3,NADH dehydrogenase [ubiquinone] 1 beta subcomplex subunit 3 (Complex I-B12) (CI-B12) (NADH-ubiquinone oxidoreductase B12 subunit),Q02365,
high_div,chr1,210300000,218300000,FUN_002636,CFLAR,CFLAR,CASP8 and FADD-like apoptosis regulator (Caspase homolog) (CASH) (Caspase-eight-related protein) (Casper) (Caspase-like apoptosis regulatory protein) (CLARP) (Cellular FLICE-like inhibitory protein) (c-FLIP) (FADD-like antiapoptotic molecule 1) (FLAME-1) (Inhibitor of FLICE) (I-FLICE) (MACH-related inducer of toxicity) (MRIT) (Usurpin) [Cleaved into: CASP8 and FADD-like apoptosis regulator subunit p43; CASP8 and FADD-like apoptosis regulator subunit p12],O15519,"TISSUE SPECIFICITY: Widely expressed. Higher expression in skeletal muscle, pancreas, heart, kidney, placenta, and peripheral blood leukocytes. Also detected in diverse cell lines. Isoform 8 is predominantly expressed in testis and skeletal muscle."
high_div,chr1,210300000,218300000,FUN_002637,CASP10,CASP10,Caspase-10 (CASP-10) (EC 3.4.22.63) (Apoptotic protease Mch-4) (FAS-associated death domain protein interleukin-1B-converting enzyme 2) (FLICE2) (ICE-like apoptotic protease 4) [Cleaved into: Caspase-10 subunit p23/17; Caspase-10 subunit p12],Q92851,"TISSUE SPECIFICITY: Detectable in most tissues. Lowest expression is seen in brain, kidney, prostate, testis and colon."
high_div,chr1,210300000,218300000,FUN_002638,FLACC1,ALS2CR12,Flagellum-associated coiled-coil domain-containing protein 1 (Amyotrophic lateral sclerosis 2 chromosomal region candidate gene 12 protein homolog),Q6AY08,
high_div,chr1,210300000,218300000,FUN_002639,TRAK2,TRAK2,Trafficking kinesin-binding protein 2 (Amyotrophic lateral sclerosis 2 chromosomal region candidate gene 3 protein),O60296,"TISSUE SPECIFICITY: Widely expressed, with highest expression in heart."
high_div,chr1,210300000,218300000,FUN_002640,,,,,
high_div,chr1,210300000,218300000,FUN_002641,STRADB,STRADB,STE20-related kinase adapter protein beta (STRAD beta) (Amyotrophic lateral sclerosis 2 chromosomal region candidate gene 2 protein) (CALS-21) (ILP-interacting protein) (Pseudokinase ALS2CR2),Q9C0K7,"TISSUE SPECIFICITY: Highly expressed in heart, skeletal muscle, testis, liver and colon. {ECO:0000269|PubMed:11161814, ECO:0000269|PubMed:12048196}."
high_div,chr1,210300000,218300000,FUN_002642,C2CD6,,Cation channel sperm-associated targeting subunit tau (CatSper-tau) (Amyotrophic lateral sclerosis 2 chromosomal region candidate gene 11 protein) (C2 calcium-dependent domain-containing protein 6),Q53TS8,TISSUE SPECIFICITY: Expressed in testis (at protein level). {ECO:0000269|PubMed:34998468}.
high_div,chr1,210300000,218300000,FUN_002643,TMEM237,TMEM237,Transmembrane protein 237,F1NVK6,
high_div,chr1,210300000,218300000,FUN_002644,MPP4,MPP4,MAGUK p55 subfamily member 4 (Amyotrophic lateral sclerosis 2 chromosomal region candidate gene 5 protein) (Discs large homolog 6),Q96JB8,"TISSUE SPECIFICITY: Expressed in the retina (at protein level). Highly expressed in the retina. Lower amounts are detected in brain, testis, ARPE-19, RPE/choroid and fetal eye. Isoform 5 is retina-specific. {ECO:0000269|PubMed:11414766, ECO:0000269|PubMed:12384283, ECO:0000269|PubMed:15558731, ECO:0000269|PubMed:15914641}."
high_div,chr1,210300000,218300000,FUN_002645,ALS2,ALS2,Alsin (Amyotrophic lateral sclerosis 2 chromosomal region candidate gene 6 protein) (Amyotrophic lateral sclerosis 2 protein),Q96Q42,
high_div,chr1,210300000,218300000,FUN_30260,,,,,
high_div,chr1,210300000,218300000,FUN_002646,CDK15,CDK15,Cyclin-dependent kinase 15 (EC 2.7.11.22) (Amyotrophic lateral sclerosis 2 chromosomal region candidate gene 7 protein) (Cell division protein kinase 15) (Serine/threonine-protein kinase ALS2CR7) (Serine/threonine-protein kinase PFTAIRE-2),Q96Q40,
high_div,chr1,210300000,218300000,FUN_002647,FZD7,FZD7,Frizzled-7 (Fz-7) (cFz-7),O57329,"TISSUE SPECIFICITY: Expressed broadly in cranial ectoderm. Also expressed in the developing somites and in other cranial placodes, including the olfactory, lens, otic placodes (lateral half of the vesicle) and epibranchial placodes. Low level of expression in all the mesoderm derivatives in the limb buds."
high_div,chr1,210300000,218300000,FUN_002648,KIAA2012,KIAA2012,Uncharacterized protein KIAA2012,Q0VF49,
high_div,chr1,210300000,218300000,FUN_002649,,,,,
high_div,chr1,210300000,218300000,FUN_002650,,,,,
high_div,chr1,210300000,218300000,FUN_002651,KIAA2012,KIAA2012,Uncharacterized protein KIAA2012 homolog,A7YY35,
high_div,chr1,210300000,218300000,FUN_002652,SUMO1,SUMO1,Small ubiquitin-related modifier 1 (SUMO-1),Q8QGH2,
high_div,chr1,210300000,218300000,FUN_002653,NOP58,NOP58,Nucleolar protein 58 (Nucleolar protein 5),Q9Y2X3,TISSUE SPECIFICITY: Ubiquitous.
high_div,chr1,210300000,218300000,FUN_002654,,,,,
high_div,chr1,210300000,218300000,FUN_002655,BMPR2,BMPR2,Bone morphogenetic protein receptor type-2 (BMP type-2 receptor) (BMPR-2) (EC 2.7.11.30) (BRK-3) (Bone morphogenetic protein receptor type II) (BMP type II receptor) (BMPR-II),O35607,
high_div,chr1,210300000,218300000,FUN_002656,,SUN2,,,
high_div,chr1,210300000,218300000,FUN_002657,,,,,
high_div,chr1,210300000,218300000,FUN_002658,FAM117B,FAM117B,Protein FAM117B (Amyotrophic lateral sclerosis 2 chromosomal region candidate gene 13 protein),Q6P1L5,
high_div,chr1,210300000,218300000,FUN_002659,WDR12,WDR12,Ribosome biogenesis protein WDR12 (WD repeat-containing protein 12),P61480,
high_div,chr1,210300000,218300000,FUN_002660,CNBD2,CNBD2,Cyclic nucleotide-binding domain-containing protein 2,Q95JR6,
high_div,chr1,210300000,218300000,FUN_002661,NBEAL1,NBEAL1,Neurobeachin-like protein 1 (Amyotrophic lateral sclerosis 2 chromosomal region candidate gene 16 protein) (Amyotrophic lateral sclerosis 2 chromosomal region candidate gene 17 protein),Q6ZS30,"TISSUE SPECIFICITY: Highly expressed in brain, kidney, prostate and testis. Weakly expressed in ovary, small intestine, colon and peripheral blood leukocytes. May be correlative to several tumors, such as ovary serous adenocarcinoma and metastasis mammary gland carcinoma breast. {ECO:0000269|PubMed:15193433}."
high_div,chr1,210300000,218300000,FUN_002662,AAD-A,,Alpha-aspartyl dipeptidase (EC 3.4.13.21) (Asp-specific dipeptidase) (Dipeptidase E),Q91642,
high_div,chr1,210300000,218300000,FUN_002663,CYP20A1,CYP20A1,Cytochrome P450 20A1 (EC 1.14.-.-),Q6UW02,
high_div,chr1,210300000,218300000,FUN_002664,ABI1,ABI2,Abl interactor 1 (Abelson interactor 1) (Abi-1) (Abl-binding protein 4) (AblBP4) (Eps8 SH3 domain-binding protein) (Eps8-binding protein) (Nap1-binding protein) (Nap1BP) (Spectrin SH3 domain-binding protein 1) (e3B1),Q8IZP0,"TISSUE SPECIFICITY: Widely expressed, with highest expression in brain. {ECO:0000269|PubMed:11418237}."
high_div,chr1,210300000,218300000,FUN_002665,,,,,
high_div,chr1,210300000,218300000,FUN_002666,RAPH1,RAPH1,Ras-associated and pleckstrin homology domains-containing protein 1 (RAPH1) (Amyotrophic lateral sclerosis 2 chromosomal region candidate gene 18 protein) (Amyotrophic lateral sclerosis 2 chromosomal region candidate gene 9 protein) (Lamellipodin) (Proline-rich EVH1 ligand 2) (PREL-2) (Protein RMO1),Q70E73,"TISSUE SPECIFICITY: Isoform RMO1-RAPH1 is ubiquitously expressed with highest levels in brain, heart, ovary and developing embryo. Isoform RMO1 is widely expressed with highest levels in liver. Low expression in B-cells. {ECO:0000269|PubMed:15469845, ECO:0000269|PubMed:15609301}."
high_div,chr1,210300000,218300000,FUN_002667,,,,,
high_div,chr1,210300000,218300000,FUN_002668,,,,,
high_div,chr1,210300000,218300000,FUN_002669,,,,,
high_div,chr1,210300000,218300000,FUN_002670,CD28,,T-cell-specific surface glycoprotein CD28 homolog (CHT28),P31043,
high_div,chr1,210300000,218300000,FUN_002671,CTLA4,CTLA4,Cytotoxic T-lymphocyte protein 4 (Cytotoxic T-lymphocyte-associated antigen 4) (CTLA-4) (CD antigen CD152),P16410,"TISSUE SPECIFICITY: Widely expressed with highest levels in lymphoid tissues. Detected in activated T-cells where expression levels are 30- to 50-fold less than CD28, the stimulatory coreceptor, on the cell surface following activation. {ECO:0000269|PubMed:10493833, ECO:0000269|PubMed:16551244, ECO:0000269|PubMed:1713603}."
high_div,chr1,210300000,218300000,FUN_002672,ICOS,ICOS,Inducible T-cell costimulator (Activation-inducible lymphocyte immunomediatory molecule) (CD antigen CD278),Q9Y6W8,"TISSUE SPECIFICITY: Activated T-cells. Highly expressed on tonsillar T-cells, which are closely associated with B-cells in the apical light zone of germinal centers, the site of terminal B-cell maturation. Expressed at lower levels in thymus, lung, lymph node and peripheral blood leukocytes. Expressed in the medulla of fetal and newborn thymus. {ECO:0000269|PubMed:11006126, ECO:0000269|PubMed:11169414, ECO:0000269|PubMed:9930702}."
high_div,chr1,210300000,218300000,FUN_002673,,,,,
high_div,chr1,210300000,218300000,FUN_002674,,,,,
high_div,chr1,210300000,218300000,FUN_002675,TMPO,,"Lamina-associated polypeptide 2, isoform alpha (Thymopoietin isoform alpha) (TP alpha) (Thymopoietin-related peptide isoform alpha) (TPRP isoform alpha) [Cleaved into: Thymopoietin (TP) (Splenin); Thymopentin (TP5)]",P42166,TISSUE SPECIFICITY: Expressed in many tissues. Most abundant in adult thymus and fetal liver.
high_div,chr1,210300000,218300000,FUN_002676,,,,,
high_div,chr1,210300000,218300000,FUN_002677,,,,,
high_div,chr1,210300000,218300000,FUN_002678,,,,,
high_div,chr1,210300000,218300000,FUN_002679,,,,,
high_div,chr1,210300000,218300000,FUN_002680,,,,,
high_div,chr1,210300000,218300000,FUN_002685,PARD3B,PARD3B,Partitioning defective 3 homolog B (Amyotrophic lateral sclerosis 2 chromosomal region candidate gene 19 protein) (PAR3-beta) (Partitioning defective 3-like protein) (PAR3-L protein),Q8TEW8,"TISSUE SPECIFICITY: Highly expressed in kidney, lung and skeletal muscle. Expressed at intermediate levels in brain, heart, placenta, liver and pancreas. Isoform 1 is predominant, while isoform 2 and isoform 3 are expressed at lower levels."
high_div,chr1,210300000,218300000,FUN_30261,PARD3B,PARD3B,Partitioning defective 3 homolog B (Amyotrophic lateral sclerosis 2 chromosomal region candidate gene 19 protein) (PAR3-beta) (Partitioning defective 3-like protein) (PAR3-L protein),Q8TEW8,"TISSUE SPECIFICITY: Highly expressed in kidney, lung and skeletal muscle. Expressed at intermediate levels in brain, heart, placenta, liver and pancreas. Isoform 1 is predominant, while isoform 2 and isoform 3 are expressed at lower levels."
high_div,chr1,210300000,218300000,FUN_002681,PARD3B,PARD3B,Partitioning defective 3 homolog B (Amyotrophic lateral sclerosis 2 chromosomal region candidate gene 19 protein) (PAR3-beta) (Partitioning defective 3-like protein) (PAR3-L protein),Q8TEW8,"TISSUE SPECIFICITY: Highly expressed in kidney, lung and skeletal muscle. Expressed at intermediate levels in brain, heart, placenta, liver and pancreas. Isoform 1 is predominant, while isoform 2 and isoform 3 are expressed at lower levels."
high_div,chr1,210300000,218300000,FUN_002682,,,,,
high_div,chr1,210300000,218300000,FUN_002683,PARD3B,PARD3B,Partitioning defective 3 homolog B (Amyotrophic lateral sclerosis 2 chromosomal region candidate gene 19 protein) (PAR3-beta) (Partitioning defective 3-like protein) (PAR3-L protein),Q8TEW8,"TISSUE SPECIFICITY: Highly expressed in kidney, lung and skeletal muscle. Expressed at intermediate levels in brain, heart, placenta, liver and pancreas. Isoform 1 is predominant, while isoform 2 and isoform 3 are expressed at lower levels."
high_div,chr1,210300000,218300000,FUN_002684,PEG10,,Retrotransposon-derived protein PEG10 (Embryonal carcinoma differentiation-regulated protein) (Mammalian retrotransposon-derived protein 2) (Myelin expression factor 3-like protein 1) (MEF3-like protein 1) (Paternally expressed gene 10 protein) (Retrotransposon gag domain-containing protein 3) (Retrotransposon-derived gag-like polyprotein) (Ty3/Gypsy-like protein),Q86TG7,"TISSUE SPECIFICITY: Expressed in the cytotrophoblast layer but not in the overlying syncytiotrophoblast of the placenta. Expressed in prostate and breast carcinomas but not in normal breast and prostate epithelial cells. Expressed in the Hep-G2 cell line (at protein level). Expressed in brain, liver, spleen, kidney, thymus, lung, ovary, testis, reactive lymph node, skeletal muscle, adipose tissue and placenta. Expressed in pancreatic and hepatocellular carcinomas (HCC). {ECO:0000269|PubMed:11318613, ECO:0000269|PubMed:12810624, ECO:0000269|PubMed:15611116, ECO:0000269|PubMed:16423995, ECO:0000269|PubMed:17621626}."
high_div,chr1,210300000,218300000,FUN_002688,PARD3B,PARD3B,Partitioning defective 3 homolog B (Amyotrophic lateral sclerosis 2 chromosomal region candidate gene 19 protein homolog) (PAR3-beta) (Partitioning defective 3-like protein) (PAR3-L protein),Q9CSB4,
high_div,chr1,210300000,218300000,FUN_002689,,,,,
high_div,chr1,210300000,218300000,FUN_002690,NRP2,NRP2,Neuropilin-2 (Vascular endothelial cell growth factor 165 receptor 2),O60462,
high_div,chr1,210300000,218300000,FUN_002691,,,,,
high_div,chr1,210300000,218300000,FUN_002692,,,,,
high_div,chr1,210300000,218300000,FUN_002693,,,Heat shock 70 kDa protein 4 (HSP70-4),P11145,
high_div,chr1,210300000,218300000,FUN_002694,,,,,
high_div,chr1,210300000,218300000,FUN_002695,INO80D,INO80D,INO80 complex subunit D,Q53TQ3,
high_div,chr1,210300000,218300000,FUN_002696,,,,,
high_div,chr1,210300000,218300000,FUN_002697,NDUFS1,NDUFS1,"NADH-ubiquinone oxidoreductase 75 kDa subunit, mitochondrial (EC 7.1.1.2) (Complex I-75kD) (CI-75kD)",P28331,
high_div,chr1,210300000,218300000,FUN_002698,EEF1B,EEF1B2,Elongation factor 1-beta (EF-1-beta) (p30),P30151,
high_div,chr1,210300000,218300000,FUN_30262,,,,,
high_div,chr1,210300000,218300000,FUN_002699,CMKLR2,GPR1,Chemerin-like receptor 2 (Chemerin chemokine-like receptor 2) (Chemokine-like receptor 2) (G-protein coupled receptor 1),O97664,
high_div,chr1,210300000,218300000,FUN_002700,ZDBF2,ZDBF2,DBF4-type zinc finger-containing protein 2,Q9HCK1,
high_div,chr1,210300000,218300000,FUN_002701,ADAM23,ADAM23,"Disintegrin and metalloproteinase domain-containing protein 23 (ADAM 23) (Metalloproteinase-like, disintegrin-like, and cysteine-rich protein 3) (MDC-3)",O75077,"TISSUE SPECIFICITY: Highly expressed in the brain and weakly expressed in the heart. In the brain, expressed prominently in the amygdala, caudate nucleus, hypothalamus, thalamus, cerebral cortex and occipital pole. {ECO:0000269|PubMed:14697522}."
high_div,chr1,210300000,218300000,FUN_002702,ROCK2,,"Rho-associated protein kinase 2 (EC 2.7.11.1) (Rho-associated, coiled-coil-containing protein kinase 2) (Rho-associated, coiled-coil-containing protein kinase II) (ROCK-II) (RhoA-binding kinase 2) (p150 ROK-alpha) (ROKalpha) (p164 ROCK-2)",Q62868,"TISSUE SPECIFICITY: Highly expressed in brain, lung, liver, skeletal muscle, kidney and testis. {ECO:0000269|PubMed:8816443}."
high_div,chr1,210300000,218300000,FUN_002703,MDH1B,MDH1B,Putative malate dehydrogenase 1B (EC 1.1.1.-),Q5I0G3,
high_div,chr1,210300000,218300000,FUN_002704,FASTKD2,FASTKD2,"FAST kinase domain-containing protein 2, mitochondrial",Q922E6,"TISSUE SPECIFICITY: Ubiquitously expressed (PubMed:18771761). Expression detected in spleen, testis, colon, heart, smooth muscle, kidney, brain, lung, liver, brown and white adipose tissue with highest expression in testis, heart and smooth muscle. {ECO:0000269|PubMed:18771761, ECO:0000269|PubMed:20869947}."
high_div,chr1,210300000,218300000,FUN_002705,KLF7,KLF7,Krueppel-like factor 7,Q99JB0,"TISSUE SPECIFICITY: Widely expressed (PubMed:11336497). Detected in the cornea epithelium (at protein level) (PubMed:28916725). {ECO:0000269|PubMed:11336497, ECO:0000269|PubMed:28916725}."
high_div,chr1,210300000,218300000,FUN_002706,,,,,
high_div,chr1,210300000,218300000,FUN_002707,CREB1,CREB1,Cyclic AMP-responsive element-binding protein 1 (CREB-1) (cAMP-responsive element-binding protein 1),P16220,
high_div,chr1,210300000,218300000,FUN_002708,METTL21A,METTL21A,Protein N-lysine methyltransferase METTL21A (EC 2.1.1.-) (HSPA lysine methyltransferase) (HSPA-KMT) (Hepatocellular carcinoma-associated antigen 557b) (Methyltransferase-like protein 21A),Q8WXB1,
high_div,chr1,210300000,218300000,FUN_002709,,,,,
high_div,chr1,210300000,218300000,FUN_002710,CCNYL1,CCNYL1,Cyclin-Y-like protein 1,Q28EL0,
high_div,chr1,210300000,218300000,FUN_002711,,,,,
high_div,chr1,210300000,218300000,FUN_002712,FZD5,FZD5,Frizzled-5 (Fz-5) (Xfz5),P58421,TISSUE SPECIFICITY: Expressed in retina. {ECO:0000269|PubMed:11335120}.
high_div,chr1,210300000,218300000,FUN_002713,PLEKHM3,PLEKHM3,Pleckstrin homology domain-containing family M member 3 (PH domain-containing family M member 3) (Differentiation associated protein),Q6ZWE6,
high_div,chr1,210300000,218300000,FUN_002714,SGO2,SGOL2,Shugoshin 2 (Shugoshin-2) (Shugoshin-like 2) (Tripin),Q562F6,
high_div,chr1,210300000,218300000,FUN_002715,IDH1,IDH1,Isocitrate dehydrogenase [NADP] cytoplasmic (IDH) (IDH1) (EC 1.1.1.42) (Cytosolic NADP-isocitrate dehydrogenase) (IDPc) (NADP(+)-specific ICDH) (Oxalosuccinate decarboxylase),Q5R9C5,
high_div,chr1,210300000,218300000,FUN_002716,,,,,
high_div,chr1,210300000,218300000,FUN_002717,PIKFYVE,PIKFYVE,1-phosphatidylinositol 3-phosphate 5-kinase (Phosphatidylinositol 3-phosphate 5-kinase) (EC 2.7.1.150) (FYVE finger-containing phosphoinositide kinase) (PIKfyve) (Phosphatidylinositol 3-phosphate 5-kinase type III) (PIPkin-III) (Type III PIP kinase) (Serine-protein kinase PIKFYVE) (EC 2.7.11.1),Q9Y2I7,
high_div,chr1,210300000,218300000,FUN_002718,PTH2R,PTH2R,Parathyroid hormone 2 receptor (PTH2 receptor),P49190,TISSUE SPECIFICITY: Expressed abundantly in brain and pancreas. Also expressed in the testis. {ECO:0000269|PubMed:7797535}.
high_div,chr1,210300000,218300000,FUN_002719,,,,,
high_div,chr1,210300000,218300000,FUN_30263,,,,,
high_div,chr1,210300000,218300000,FUN_002720,MAP2,MAP2,Microtubule-associated protein 2 (MAP-2),P11137,
high_div,chr1,210300000,218300000,FUN_002721,MAP2,MAP2,Microtubule-associated protein 2 (MAP-2),P15146,
high_div,chr1,210300000,218300000,FUN_002722,UNC80,UNC80,Protein unc-80 homolog (mUNC-80),Q8BLN6,"TISSUE SPECIFICITY: Expressed almost exclusively in the brain (PubMed:26708753). Expressed in hippocampus and ventral tegmental area neurons (PubMed:19092807). {ECO:0000269|PubMed:19092807, ECO:0000269|PubMed:26708753}."
high_div,chr1,210300000,218300000,FUN_30264,UNC80,UNC80,Protein unc-80 homolog (mUNC-80),Q8BLN6,"TISSUE SPECIFICITY: Expressed almost exclusively in the brain (PubMed:26708753). Expressed in hippocampus and ventral tegmental area neurons (PubMed:19092807). {ECO:0000269|PubMed:19092807, ECO:0000269|PubMed:26708753}."
high_div,chr1,210300000,218300000,FUN_30265,UNC80,UNC80,Protein unc-80 homolog (mUNC-80),Q8BLN6,"TISSUE SPECIFICITY: Expressed almost exclusively in the brain (PubMed:26708753). Expressed in hippocampus and ventral tegmental area neurons (PubMed:19092807). {ECO:0000269|PubMed:19092807, ECO:0000269|PubMed:26708753}."
high_div,chr1,210300000,218300000,FUN_002723,RPE,RPE,Ribulose-phosphate 3-epimerase (EC 5.1.3.1) (Ribulose-5-phosphate-3-epimerase),Q96AT9,
high_div,chr1,210300000,218300000,FUN_002724,KANSL1L,KANSL1L,KAT8 regulatory NSL complex subunit 1-like protein (MSL1v2),A0AUZ9,
high_div,chr1,210300000,218300000,FUN_002725,ACADL,ACADL,"Long-chain specific acyl-CoA dehydrogenase, mitochondrial (LCAD) (EC 1.3.8.8)",P15650,
high_div,chr1,210300000,218300000,FUN_002726,MYL1,MYL1,"Myosin light chain 1/3, skeletal muscle isoform (MLC1/MLC3) (MLC1F/MLC3F) (Myosin light chain alkali 1/2) (Myosin light chain A1/A2)",P05977,
high_div,chr1,210300000,218300000,FUN_002727,,,,,
high_div,chr1,210300000,218300000,FUN_002728,LANCL1,LANCL1,Glutathione S-transferase LANCL1 (EC 2.5.1.18) (40 kDa erythrocyte membrane protein) (p40) (LanC-like protein 1),O43813,"TISSUE SPECIFICITY: Detected in erythrocytes, brain, kidney, testis, ovary, heart, lung, placenta and spleen (at protein level). Ubiquitous. Strongly expressed in brain, spinal cord, pituitary gland, kidney, heart, skeletal muscle, pancreas, ovary and testis. {ECO:0000269|PubMed:10944443, ECO:0000269|PubMed:15811525, ECO:0000269|PubMed:9512664}."
high_div,chr1,210300000,218300000,FUN_002729,,,,,
high_div,chr1,210300000,218300000,FUN_002730,CPS1,CPS1,"Carbamoyl-phosphate synthase [ammonia], mitochondrial (EC 6.3.4.16) (Carbamoyl-phosphate synthetase I) (CPSase I)",P07756,TISSUE SPECIFICITY: Primarily in the liver and small intestine.
low_div,chr2,225000000,225400000,FUN_008513,,LYSC6,"Lysozyme C, milk isozyme (EC 3.2.1.17) (1,4-beta-N-acetylmuramidase C)",P81708,
low_div,chr2,225000000,225400000,FUN_008514,LYZ,LYSC6,"Lysozyme C (EC 3.2.1.17) (1,4-beta-N-acetylmuramidase C) (Softshell turtle lysozyme C) (SSTL)",Q7LZQ1,
low_div,chr2,225000000,225400000,FUN_008515,LYZ,LYSC6,"Lysozyme C (EC 3.2.1.17) (1,4-beta-N-acetylmuramidase C)",P61628,
low_div,chr2,225000000,225400000,FUN_008516,LYZ1,LYSC6,"Lysozyme C-1 (EC 3.2.1.17) (1,4-beta-N-acetylmuramidase C) (Lysozyme C type P)",P17897,TISSUE SPECIFICITY: Expressed strongly only in small intestine.
low_div,chr2,225000000,225400000,FUN_30654,,,,,
low_div,chr2,225000000,225400000,FUN_008517,,,,,
low_div,chr2,225000000,225400000,FUN_008518,,LYSC6,"Lysozyme C, milk isozyme (EC 3.2.1.17) (1,4-beta-N-acetylmuramidase C)",P81708,
low_div,chr2,225000000,225400000,FUN_008519,SPACA5,,Sperm acrosome-associated protein 5 (EC 3.2.1.17) (Lysozyme-like protein 5),A2AE20,
low_div,chr2,225000000,225400000,FUN_008520,,,"Lysozyme C, milk isozyme (EC 3.2.1.17) (1,4-beta-N-acetylmuramidase C)",P81708,
high_div,chr2,236300000,243300000,FUN_008803,,,,,
high_div,chr2,236300000,243300000,FUN_008804,NFIX,NFIX,Nuclear factor 1 X-type (NF1-X) (Nuclear factor 1/X) (CCAAT-box-binding transcription factor) (CTF) (Nuclear factor I/X) (NF-I/X) (NFI-X) (TGGCA-binding protein),Q14938,TISSUE SPECIFICITY: Widely expressed. {ECO:0000269|PubMed:20673863}.
high_div,chr2,236300000,243300000,FUN_008805,,,,,
high_div,chr2,236300000,243300000,FUN_008806,,,,,
high_div,chr2,236300000,243300000,FUN_008807,,,,,
high_div,chr2,236300000,243300000,FUN_008808,LYL1,LYL1,Protein lyl-1 (Class A basic helix-loop-helix protein 18) (bHLHa18) (Lymphoblastic leukemia-derived sequence 1),P12980,
high_div,chr2,236300000,243300000,FUN_008809,ACP5,ACP5,Tartrate-resistant acid phosphatase type 5 (TR-AP) (EC 3.1.3.2) (Tartrate-resistant acid ATPase) (TrATPase) (Type 5 acid phosphatase) (Uteroferrin) (UF),P09889,
high_div,chr2,236300000,243300000,FUN_008810,ELOF1,,Transcription elongation factor 1 homolog,P60003,
high_div,chr2,236300000,243300000,FUN_008811,CNN1,CNN1,"Calponin-1 (Basic calponin) (Calponin H1, smooth muscle)",Q9GK38,
high_div,chr2,236300000,243300000,FUN_008812,,,,,
high_div,chr2,236300000,243300000,FUN_008813,TLCD4B,,TLC domain-containing protein 4-B (Transmembrane protein 56-B),Q5XIY2,
high_div,chr2,236300000,243300000,FUN_008814,ECSIT,ECSIT,"Evolutionarily conserved signaling intermediate in Toll pathway, mitochondrial",Q08CK1,
high_div,chr2,236300000,243300000,FUN_008815,ZNF653,ZNF653,Zinc finger protein 653 (67 kDa zinc finger protein) (Zinc finger protein Zip67),Q6YND2,"TISSUE SPECIFICITY: Highly expressed in testis and spleen. Moderately expressed in lung, adrenal gland, uterus, and ovary. Very low expression in pancreas, heart, skeletal muscle, adipose tissue, kidney, and liver. {ECO:0000269|PubMed:12920234}."
high_div,chr2,236300000,243300000,FUN_008816,,,,,
high_div,chr2,236300000,243300000,FUN_008817,ELAVL3,ELAVL3,ELAV-like protein 3 (Hu-antigen C) (HuC) (Paraneoplastic cerebellar degeneration-associated antigen) (Paraneoplastic limbic encephalitis antigen 21),Q14576,TISSUE SPECIFICITY: Brain specific.
high_div,chr2,236300000,243300000,FUN_008818,PRKCSH,PRKCSH,Glucosidase 2 subunit beta (80K-H protein) (Glucosidase II subunit beta) (Protein kinase C substrate 60.1 kDa protein heavy chain) (PKCSH),P14314,
high_div,chr2,236300000,243300000,FUN_008819,ODAD3,CCDC151,Outer dynein arm-docking complex subunit 3 (Coiled-coil domain-containing protein 151),Q8BSN3,
high_div,chr2,236300000,243300000,FUN_008820,RGL3,,Ral guanine nucleotide dissociation stimulator-like 3 (RalGDS-like 3) (RalGDS-related effector protein of M-Ras) (Ras pathway modulator) (RPM),Q3UYI5,"TISSUE SPECIFICITY: Widely expressed. Expressed at high levels in the liver and kidney. {ECO:0000269|PubMed:10869344, ECO:0000269|PubMed:11313946}."
high_div,chr2,236300000,243300000,FUN_008821,EPOR,EPOR,Erythropoietin receptor (EPO-R),Q9MYZ9,
high_div,chr2,236300000,243300000,FUN_008822,SWSAP1,SWSAP1,ATPase SWSAP1 (SWIM-type zinc finger 7-associated protein 1) (SWS1-associated protein 1) (ZSWIM7-associated protein 1) (ZSWIM7AP1),Q6NVH7,
high_div,chr2,236300000,243300000,FUN_008823,PLPPR2,PLPPR2,Phospholipid phosphatase-related protein type 2 (Inactive phospholipid phosphatase PLPPR2) (Lipid phosphate phosphatase-related protein type 2) (Plasticity-related gene 4 protein) (PRG-4),Q96GM1,
high_div,chr2,236300000,243300000,FUN_008824,CCDC159,,Coiled-coil domain-containing protein 159,P0C7I6,
high_div,chr2,236300000,243300000,FUN_008825,TMEM205,TMEM205,Transmembrane protein 205,Q28GF8,
high_div,chr2,236300000,243300000,FUN_30669,,,,,
high_div,chr2,236300000,243300000,FUN_008826,RAB3D,RAB3D,Ras-related protein Rab-3D,P35276,"TISSUE SPECIFICITY: Predominantly expressed in the adipocyte tissue, but is also expressed in several other organs including skin, spleen, heart and lung."
high_div,chr2,236300000,243300000,FUN_008827,TSPAN1,tspan16,Tetraspanin-1 (Tspan-1),Q99J59,
high_div,chr2,236300000,243300000,FUN_008828,,,,,
high_div,chr2,236300000,243300000,FUN_008829,DOCK7,DOCK6,Dedicator of cytokinesis protein 7,Q96N67,TISSUE SPECIFICITY: Widely expressed. {ECO:0000269|PubMed:11214970}.
high_div,chr2,236300000,243300000,FUN_008832,KANK2,KANK2,KN motif and ankyrin repeat domain-containing protein 2 (Ankyrin repeat domain-containing protein 25),Q1LZH7,
high_div,chr2,236300000,243300000,FUN_008833,LDLR,LDLR,Low-density lipoprotein receptor (LDL receptor),P01130,
high_div,chr2,236300000,243300000,FUN_008834,RASAL3,RASAL3,RAS protein activator like-3,A6QQ91,
high_div,chr2,236300000,243300000,FUN_008835,PGLYRP2,PGLYRP2,N-acetylmuramoyl-L-alanine amidase (EC 3.5.1.28) (Peptidoglycan recognition protein 2) (Peptidoglycan recognition protein long) (PGRP-L) (TagL),Q8VCS0,TISSUE SPECIFICITY: Strongly expressed in liver and fetal liver.
high_div,chr2,236300000,243300000,FUN_008836,MCOLN1,MCOLN1,Mucolipin-1 (Mucolipidin) (Transient receptor potential-mucolipin 1) (TRPML1),Q99J21,"TISSUE SPECIFICITY: Widely expressed, with the highest expression in brain, liver and kidney. {ECO:0000269|PubMed:11897010}."
high_div,chr2,236300000,243300000,FUN_30670,,,Transposable element Tcb1 transposase (Transposable element Barney transposase),P35072,
high_div,chr2,236300000,243300000,FUN_008837,PNPLA6,PNPLA6,Patatin-like phospholipase domain-containing protein 6 (Neuropathy target esterase) (EC 3.1.1.5),Q3TRM4,"TISSUE SPECIFICITY: Expressed in brain, testes and kidney (at protein level) (PubMed:12640454). Expressed ubiquitously in brain of young mice (PubMed:10640712). Reaching adulthood, there is a most prominent expression in Purkinje cells, granule cells and pyramidal neurons of the hippocampus and some large neurons in the medulla oblongata, nucleus dentatus and pons (PubMed:10640712). {ECO:0000269|PubMed:10640712, ECO:0000269|PubMed:12640454}."
high_div,chr2,236300000,243300000,FUN_008838,,,,,
high_div,chr2,236300000,243300000,FUN_30671,,,,,
high_div,chr2,236300000,243300000,FUN_008839,SYDE1,SYDE1,Rho GTPase-activating protein SYDE1 (Synapse defective protein 1 homolog 1) (Protein syd-1 homolog 1),Q6ZW31,TISSUE SPECIFICITY: Expressed in trophoblast cells of placental villi. {ECO:0000269|PubMed:27917469}.
high_div,chr2,236300000,243300000,FUN_008840,ILVBL,ILVBL,2-hydroxyacyl-CoA lyase 2 (EC 4.1.2.-) (Acetolactate synthase-like protein) (IlvB-like protein),Q6NV04,
high_div,chr2,236300000,243300000,FUN_008841,,,,,
high_div,chr2,236300000,243300000,FUN_008842,ATG4D,ATG4D,"Cysteine protease ATG4D (EC 3.4.22.-) (Autophagy-related protein 4 homolog D) [Cleaved into: Cysteine protease ATG4D, mitochondrial]",E2RDP2,
high_div,chr2,236300000,243300000,FUN_008843,,,,,
high_div,chr2,236300000,243300000,FUN_008844,,,,,
high_div,chr2,236300000,243300000,FUN_008845,,,,,
high_div,chr2,236300000,243300000,FUN_008846,KRI1,KRI1,Protein KRI1 homolog,Q0V8M0,
high_div,chr2,236300000,243300000,FUN_008847,KRI1,KRI1,Protein KRI1 homolog,Q8VDQ9,
high_div,chr2,236300000,243300000,FUN_008848,,,,,
high_div,chr2,236300000,243300000,FUN_008849,CDKN2D,CDKN2D,Cyclin-dependent kinase 4 inhibitor D (p19-INK4d),P55273,
high_div,chr2,236300000,243300000,FUN_008850,AP1M2,AP1M2,AP-1 complex subunit mu-2 (AP-mu chain family member mu1B) (Adaptor protein complex AP-1 subunit mu-2) (Adaptor-related protein complex 1 subunit mu-2) (Clathrin assembly protein complex 1 mu-2 medium chain 2) (Golgi adaptor HA1/AP1 adaptin mu-2 subunit) (Mu-adaptin 2) (Mu1B-adaptin),Q3SYW1,
high_div,chr2,236300000,243300000,FUN_008852,SLC44A2,SLC44A2,Choline transporter-like protein 2 (Solute carrier family 44 member 2),Q6IP59,
high_div,chr2,236300000,243300000,FUN_008853,ILF3,ILF3,Interleukin enhancer-binding factor 3 (Double-stranded RNA-binding protein 76) (DRBP76) (M-phase phosphoprotein 4) (MPP4) (Nuclear factor associated with dsRNA) (NFAR) (Nuclear factor of activated T-cells 90 kDa) (NF-AT-90) (Translational control protein 80) (TCP80),Q12906,TISSUE SPECIFICITY: Ubiquitous.
high_div,chr2,236300000,243300000,FUN_30672,,,,,
high_div,chr2,236300000,243300000,FUN_008854,,,,,
high_div,chr2,236300000,243300000,FUN_008855,,,,,
high_div,chr2,236300000,243300000,FUN_008856,DNM2,DNM2,Dynamin-2 (EC 3.6.5.5) (Dynamin UDNM),P39054,"TISSUE SPECIFICITY: Expressed in most tissues during embryonic development, including the peripheral nervous system although no expression is evident in skeletal muscle or heart. {ECO:0000269|PubMed:23092955}."
high_div,chr2,236300000,243300000,FUN_008857,DNM2,DNM2,Dynamin-2 (EC 3.6.5.5),A6H7I5,
high_div,chr2,236300000,243300000,FUN_008858,QTRT1,QTRT1,Queuine tRNA-ribosyltransferase catalytic subunit 1 (EC 2.4.2.64) (Guanine insertion enzyme) (tRNA-guanine transglycosylase),Q4QQY7,
high_div,chr2,236300000,243300000,FUN_30673,,,,,
high_div,chr2,236300000,243300000,FUN_008859,RIMKLB,RIMKLB,Beta-citrylglutamate synthase B (EC 6.3.1.17) (N-acetyl-aspartylglutamate synthetase B) (NAAG synthetase B) (NAAGS) (EC 6.3.2.41) (Ribosomal protein S6 modification-like protein B),Q0VCE9,
high_div,chr2,236300000,243300000,FUN_008860,,,,,
high_div,chr2,236300000,243300000,FUN_008861,,,,,
high_div,chr2,236300000,243300000,FUN_008862,MFAP5,MFAP5,Microfibrillar-associated protein 5 (MFAP-5) (MP25) (Microfibril-associated glycoprotein 2) (MAGP-2),Q13361,
high_div,chr2,236300000,243300000,FUN_008863,,,,,
high_div,chr2,236300000,243300000,FUN_008864,AICDA,AICDA,Single-stranded DNA cytosine deaminase (EC 3.5.4.38) (Activation-induced cytidine deaminase) (AID) (Cytidine aminohydrolase),Q75W64,"TISSUE SPECIFICITY: Expressed in thymus, lung, spleen, kidney, small intestine, lymph node and tonsil. {ECO:0000269|PubMed:15240955}."
high_div,chr2,236300000,243300000,FUN_008866,PHC1,PHC1,Polyhomeotic-like protein 1 (hPH1) (Early development regulatory protein 1),P78364,
high_div,chr2,236300000,243300000,FUN_008865,,,,,
high_div,chr2,236300000,243300000,FUN_008867,M6PR,M6PR,Cation-dependent mannose-6-phosphate receptor (CD Man-6-P receptor) (CD-MPR) (46 kDa mannose 6-phosphate receptor) (MPR 46),P20645,
high_div,chr2,236300000,243300000,FUN_008868,TMEM52B,TMEM52B,Transmembrane protein 52B,Q0VBF2,
high_div,chr2,236300000,243300000,FUN_008869,GABARAPL1,GABARAPL1,Gamma-aminobutyric acid receptor-associated protein-like 1 (GABA(A) receptor-associated protein-like 1),Q5BIZ2,
high_div,chr2,236300000,243300000,FUN_008870,,,,,
high_div,chr2,236300000,243300000,FUN_008871,,,,,
high_div,chr2,236300000,243300000,FUN_008872,,CNTNAP2,,,
high_div,chr2,236300000,243300000,FUN_008873,TRPC4,TRPC4,Short transient receptor potential channel 4 (TrpC4) (Trp-related protein 4) (hTrp-4) (hTrp4),Q9UBN4,"TISSUE SPECIFICITY: Strongly expressed in placenta. Expressed at lower levels in heart, pancreas, kidney and brain. Expressed in endothelial cells. Isoform alpha was found to be the predominant isoform. Isoform beta was not found in pancreas and brain. {ECO:0000269|PubMed:19996314}."
high_div,chr2,236300000,243300000,FUN_008874,TRPC4,TRPC4,Short transient receptor potential channel 4 (TrpC4) (Trp-related protein 4) (hTrp-4) (hTrp4),Q9UBN4,"TISSUE SPECIFICITY: Strongly expressed in placenta. Expressed at lower levels in heart, pancreas, kidney and brain. Expressed in endothelial cells. Isoform alpha was found to be the predominant isoform. Isoform beta was not found in pancreas and brain. {ECO:0000269|PubMed:19996314}."
high_div,chr2,236300000,243300000,FUN_008875,A2ML1,A2ML1,Alpha-2-macroglobulin-like protein 1 (C3 and PZP-like alpha-2-macroglobulin domain-containing protein 9),A8K2U0,"TISSUE SPECIFICITY: In the epidermis, expressed predominantly in the granular layer at the apical edge of keratinocytes (at protein level). Also detected in placenta, testis and thymus but not in epithelia of kidney, lung, small intestine or colon. {ECO:0000269|PubMed:16298998}."
high_div,chr2,236300000,243300000,FUN_008876,A2ML1,A2ML1,Alpha-2-macroglobulin-like protein 1 (C3 and PZP-like alpha-2-macroglobulin domain-containing protein 9),A8K2U0,"TISSUE SPECIFICITY: In the epidermis, expressed predominantly in the granular layer at the apical edge of keratinocytes (at protein level). Also detected in placenta, testis and thymus but not in epithelia of kidney, lung, small intestine or colon. {ECO:0000269|PubMed:16298998}."
high_div,chr2,236300000,243300000,FUN_008877,,,,,
high_div,chr2,236300000,243300000,FUN_008878,,,,,
high_div,chr2,236300000,243300000,FUN_008879,A2ML1,A2ML1,Alpha-2-macroglobulin-like protein 1 (C3 and PZP-like alpha-2-macroglobulin domain-containing protein 9),A8K2U0,"TISSUE SPECIFICITY: In the epidermis, expressed predominantly in the granular layer at the apical edge of keratinocytes (at protein level). Also detected in placenta, testis and thymus but not in epithelia of kidney, lung, small intestine or colon. {ECO:0000269|PubMed:16298998}."
high_div,chr2,236300000,243300000,FUN_008880,NANOG,NANOG,Homeobox protein NANOG (Homeobox transcription factor Nanog) (cNanog),A7Y7W3,
high_div,chr2,236300000,243300000,FUN_008881,TIMM29,C19orf52,Mitochondrial import inner membrane translocase subunit Tim29 (TIM29),Q9BSF4,
high_div,chr2,236300000,243300000,FUN_008882,YIPF1,YIPF2,Protein YIPF1 (YIP1 family member 1),Q91VU1,
high_div,chr2,236300000,243300000,FUN_008883,CARM1,CARM1,Histone-arginine methyltransferase CARM1 (EC 2.1.1.319) (Coactivator-associated arginine methyltransferase 1) (Protein arginine N-methyltransferase 4),Q86X55,TISSUE SPECIFICITY: Overexpressed in prostate adenocarcinomas and high-grade prostatic intraepithelial neoplasia. {ECO:0000269|PubMed:15221992}.
high_div,chr2,236300000,243300000,FUN_30674,,,,,
high_div,chr2,236300000,243300000,FUN_008886,POSTN,POSTN,Periostin (PN) (Osteoblast-specific factor 2) (OSF-2),Q15063,"TISSUE SPECIFICITY: Widely expressed with highest levels in aorta, stomach, lower gastrointestinal tract, placenta, uterus, thyroid tissue and breast. Up-regulated in epithelial ovarian tumors. Not expressed in normal ovaries. Also highly expressed at the tumor periphery of lung carcinoma tissue but not within the tumor. Overexpressed in breast cancers. {ECO:0000269|PubMed:11550156, ECO:0000269|PubMed:12235007, ECO:0000269|PubMed:15082792, ECO:0000269|PubMed:23946676}."
high_div,chr2,236300000,243300000,FUN_008884,HIDE1,C19orf38,Protein HIDE1,A8MVS5,
high_div,chr2,236300000,243300000,FUN_008885,,,,,
high_div,chr2,236300000,243300000,FUN_008887,,,,,
high_div,chr2,236300000,243300000,FUN_008888,,,,,
high_div,chr2,236300000,243300000,FUN_008889,,IMPAD1,,,
high_div,chr2,236300000,243300000,FUN_008890,,,,,
high_div,chr2,236300000,243300000,FUN_008891,SUPT20H,SUPT20H,Transcription factor SPT20 homolog,Q5ZM71,
high_div,chr2,236300000,243300000,FUN_008892,EXOSC8,EXOSC8,Exosome complex component RRP43 (Exosome component 8) (Opa-interacting protein 2) (OIP-2) (Ribosomal RNA-processing protein 43) (p9),Q96B26,
high_div,chr2,236300000,243300000,FUN_008893,ALG5,ALG5,Dolichyl-phosphate beta-glucosyltransferase (DolP-glucosyltransferase) (EC 2.4.1.117) (Asparagine-linked glycosylation protein 5 homolog),Q9DB25,
high_div,chr2,236300000,243300000,FUN_008894,,,,,
high_div,chr2,236300000,243300000,FUN_008895,TMEM39A,TMEM39A,Transmembrane protein 39A,Q6GL42,
high_div,chr2,236300000,243300000,FUN_008896,FAAH,,Fatty acid amide hydrolase (AtFAAH) (EC 3.5.1.99) (N-acylethanolamine amidohydrolase),Q7XJJ7,"TISSUE SPECIFICITY: Expressed in roots, leaves and flowers (PubMed:16738862). Expressed in seedlings, flowers, roots, siliques, seeds and leaves (PubMed:16880402). {ECO:0000269|PubMed:16738862, ECO:0000269|PubMed:16880402}."
high_div,chr2,236300000,243300000,FUN_008897,CHD1L,CHD1L,Chromodomain-helicase-DNA-binding protein 1-like (EC 3.6.4.-) (Amplified in liver cancer protein 1),Q86WJ1,TISSUE SPECIFICITY: Frequently overexpressed in hepatomacellular carcinomas. {ECO:0000269|PubMed:18023026}.
high_div,chr2,236300000,243300000,FUN_008898,CASQ2,CASQ2,Calsequestrin-2 (Laminin-binding protein),P19204,TISSUE SPECIFICITY: Skeletal and heart muscle. {ECO:0000269|PubMed:3417769}.
high_div,chr2,236300000,243300000,FUN_008899,,,,,
high_div,chr2,236300000,243300000,FUN_008900,NHLH2,NHLH2,Helix-loop-helix protein 2 (HEN-2) (Class A basic helix-loop-helix protein 34) (bHLHa34) (Nescient helix loop helix 2) (NSCL-2),Q02577,
high_div,chr2,236300000,243300000,FUN_008901,SLC22A15,SLC22A15,Solute carrier family 22 member 15 (Fly-like putative transporter 1) (Flipt 1),Q8IZD6,"TISSUE SPECIFICITY: Expressed at highest levels in kidney and brain. Expressed at high levels in skeletal muscle, heart, liver, placenta and white blood cells. Expressed at moderate levels in lung and spleen. Expressed at low levels in thymus, small intestine and colon. Expressed in several intestinal tumor cell lines. {ECO:0000269|PubMed:12372408, ECO:0000269|PubMed:15028572}."
high_div,chr2,236300000,243300000,FUN_008902,,,,,
high_div,chr2,236300000,243300000,FUN_008903,,,,,
high_div,chr2,236300000,243300000,FUN_008904,ATP1A1,ATP1A1,Sodium/potassium-transporting ATPase subunit alpha-1 (Na(+)/K(+) ATPase alpha-1 subunit) (EC 7.2.2.13) (Sodium pump subunit alpha-1),Q08DA1,
high_div,chr2,236300000,243300000,FUN_008905,,,,,
high_div,chr2,236300000,243300000,FUN_008906,,,,,
high_div,chr3,119700000,126700000,FUN_011494,,,,,
high_div,chr3,119700000,126700000,FUN_011495,DIAPH1,DIAPH1,Protein diaphanous homolog 1 (Diaphanous-related formin-1) (DRF1),O60610,"TISSUE SPECIFICITY: Expressed in brain, heart, placenta, lung, kidney, pancreas, liver, skeletal muscle and cochlea. Expressed in platelets (PubMed:26912466). {ECO:0000269|PubMed:26912466}."
high_div,chr3,119700000,126700000,FUN_011496,,,,,
high_div,chr3,119700000,126700000,FUN_30763,ARAP3,ARAP3,"Arf-GAP with Rho-GAP domain, ANK repeat and PH domain-containing protein 3 (Centaurin-delta-3) (Cnt-d3) (Dual specificity Rho- and Arf-GTPase-activating protein 1)",Q8R5G7,
high_div,chr3,119700000,126700000,FUN_011498,RELL2,RELL2,RELT-like protein 2,Q2KI80,
high_div,chr3,119700000,126700000,FUN_011499,HDAC3,HDAC3,Histone deacetylase 3 (HD3) (EC 3.5.1.98) (Protein deacetylase HDAC3) (EC 3.5.1.-) (Protein deacylase HDAC3) (EC 3.5.1.-),P56520,
high_div,chr3,119700000,126700000,FUN_011501,MARCHF8,MARCH8,E3 ubiquitin-protein ligase MARCHF8 (EC 2.3.2.27) (Membrane-associated RING finger protein 8) (Membrane-associated RING-CH protein VIII) (MARCH-VIII) (RING-type E3 ubiquitin transferase MARCHF8),Q28IK8,
high_div,chr3,119700000,126700000,FUN_011500,,,,,
high_div,chr3,119700000,126700000,FUN_30764,,,,,
high_div,chr3,119700000,126700000,FUN_011502,KAT14,CSRP2BP,Cysteine-rich protein 2-binding protein (CSRP2-binding protein) (ADA2A-containing complex subunit 2) (ATAC2) (CRP2-binding partner) (CRP2BP) (Lysine acetyltransferase 14),Q8CID0,
high_div,chr3,119700000,126700000,FUN_011505,POLR3F,POLR3F,DNA-directed RNA polymerase III subunit RPC6 (RNA polymerase III subunit C6) (DNA-directed RNA polymerase III subunit F),Q2T9S3,
high_div,chr3,119700000,126700000,FUN_011506,DELE1,KIAA0141,"DAP3-binding cell death enhancer 1 (DAP3-binding cell death enhancer 1, long form) (DELE1(L)) (Death ligand signal enhancer) [Cleaved into: DAP3-binding cell death enhancer 1 short form (DELE1(S)) (S-DELE1)]",Q14154,"TISSUE SPECIFICITY: Detected in liver, skeletal muscle, kidney, pancreas, spleen, thyroid, testis, ovary, small intestine and colon. {ECO:0000269|PubMed:8590280}."
high_div,chr3,119700000,126700000,FUN_011507,,,,,
high_div,chr3,119700000,126700000,FUN_011508,PCDH9,PCDH1,Protocadherin-9,Q9HC56,
high_div,chr3,119700000,126700000,FUN_011509,,,,,
high_div,chr3,119700000,126700000,FUN_011510,,,,,
high_div,chr3,119700000,126700000,FUN_011511,,,,,
high_div,chr3,119700000,126700000,FUN_011512,PCDH1,PCDH1,Protocadherin-1 (Cadherin-like protein 1) (Protocadherin-42) (PC42),Q08174,TISSUE SPECIFICITY: Highly expressed in the brain and neuro-glial cells.
high_div,chr3,119700000,126700000,FUN_011513,,,,,
high_div,chr3,119700000,126700000,FUN_011514,,,,,
high_div,chr3,119700000,126700000,FUN_011515,,,,,
high_div,chr3,119700000,126700000,FUN_011516,,,,,
high_div,chr3,119700000,126700000,FUN_011517,,,,,
high_div,chr3,119700000,126700000,FUN_011518,SEC22B,SEC22B,Vesicle-trafficking protein SEC22b (ER-Golgi SNARE of 24 kDa) (ERS-24) (ERS24) (SEC22 vesicle-trafficking protein homolog B) (SEC22 vesicle-trafficking protein-like 1),Q4KM74,
high_div,chr3,119700000,126700000,FUN_011519,FAM78B,FAM78B,Protein FAM78B,Q8BQN5,
high_div,chr3,119700000,126700000,FUN_011520,TMCO1,TMCO1,Calcium load-activated calcium channel (CLAC channel) (GEL complex subunit TMCO1) (Transmembrane and coiled-coil domain-containing protein 1),Q6DGW9,
high_div,chr3,119700000,126700000,FUN_011521,ALDH9A1,ALDH9A1,4-trimethylaminobutyraldehyde dehydrogenase (TMABA-DH) (TMABADH) (EC 1.2.1.47) (Aldehyde dehydrogenase family 9 member A1) (EC 1.2.1.3),Q2KJH9,
high_div,chr3,119700000,126700000,FUN_011522,,,,,
high_div,chr3,119700000,126700000,FUN_011523,CRIP1,CRIP1,Cysteine-rich protein 1 (CRP-1),Q56K04,
high_div,chr3,119700000,126700000,FUN_30765,CRIP2,CRIP2,Cysteine-rich protein 2 (CRP-2) (Protein ESP1),P52943,TISSUE SPECIFICITY: Widespread tissue expression; highest levels in the heart.
high_div,chr3,119700000,126700000,FUN_011524,,,,,
high_div,chr3,119700000,126700000,FUN_011526,,,,,
high_div,chr3,119700000,126700000,FUN_011527,E2F7,E2F7,Transcription factor E2F7 (E2F-7),Q96AV8,
high_div,chr3,119700000,126700000,FUN_011528,E2F7,E2F7,Transcription factor E2F7 (E2F-7),D4A4D7,
high_div,chr3,119700000,126700000,FUN_011529,,,,,
high_div,chr3,119700000,126700000,FUN_011530,PRKAB2,PRKAB2,5'-AMP-activated protein kinase subunit beta-2 (AMPK subunit beta-2),O43741,
high_div,chr3,119700000,126700000,FUN_011531,RPS18,,Small ribosomal subunit protein uS13 (40S ribosomal protein S18),Q90YQ5,
high_div,chr3,119700000,126700000,FUN_011532,TMPO,,"Lamina-associated polypeptide 2, isoform alpha (Thymopoietin isoform alpha) (TP alpha) (Thymopoietin-related peptide isoform alpha) (TPRP isoform alpha) [Cleaved into: Thymopoietin (TP) (Splenin); Thymopentin (TP5)]",P42166,TISSUE SPECIFICITY: Expressed in many tissues. Most abundant in adult thymus and fetal liver.
high_div,chr3,119700000,126700000,FUN_011533,PLPP6,PPAPDC2,Polyisoprenoid diphosphate/phosphate phosphohydrolase PLPP6 (EC 3.1.3.-) (EC 3.6.1.-) (EC 3.6.1.68) (Phospholipid phosphatase 6),Q58DI5,
high_div,chr3,119700000,126700000,FUN_30766,PDE4DIP,PDE4DIP,Myomegalin (Cardiomyopathy-associated protein 2) (Phosphodiesterase 4D-interacting protein),Q5VU43,"TISSUE SPECIFICITY: Highly expressed in adult and fetal heart, in skeletal muscle and, to a lower extent, in brain and placenta. {ECO:0000269|PubMed:11374908}."
high_div,chr3,119700000,126700000,FUN_011534,PDE4DIP,PDE4DIP,Myomegalin (Cardiomyopathy-associated protein 2) (Phosphodiesterase 4D-interacting protein),Q5VU43,"TISSUE SPECIFICITY: Highly expressed in adult and fetal heart, in skeletal muscle and, to a lower extent, in brain and placenta. {ECO:0000269|PubMed:11374908}."
high_div,chr3,119700000,126700000,FUN_011535,,,,,
high_div,chr3,119700000,126700000,FUN_011536,,,,,
high_div,chr3,119700000,126700000,FUN_011537,PHGDH,PHGDH,D-3-phosphoglycerate dehydrogenase (3-PGDH) (EC 1.1.1.95) (2-oxoglutarate reductase) (EC 1.1.1.399) (Malate dehydrogenase) (EC 1.1.1.37),Q5EAD2,
high_div,chr3,119700000,126700000,FUN_011538,,,,,
high_div,chr3,119700000,126700000,FUN_011539,HMGCS2,HMGCS2,"Hydroxymethylglutaryl-CoA synthase, mitochondrial (HMG-CoA synthase) (EC 2.3.3.10) (3-hydroxy-3-methylglutaryl coenzyme A synthase)",Q2KIE6,
high_div,chr3,119700000,126700000,FUN_011540,MZT2A,MZT2B,Mitotic-spindle organizing protein 2A (Mitotic-spindle organizing protein associated with a ring of gamma-tubulin 2A),Q6P582,
high_div,chr3,119700000,126700000,FUN_011541,,,,,
high_div,chr3,119700000,126700000,FUN_011542,,,,,
high_div,chr3,119700000,126700000,FUN_011543,FASLG,FASLG,"Tumor necrosis factor ligand superfamily member 6 (Fas antigen ligand) (Fas ligand) (FasL) (CD antigen CD178) [Cleaved into: Tumor necrosis factor ligand superfamily member 6, membrane form; Tumor necrosis factor ligand superfamily member 6, soluble form (Receptor-binding FasL ectodomain) (Soluble Fas ligand) (sFasL); ADAM10-processed FasL form (APL); FasL intracellular domain (FasL ICD) (SPPL2A-processed FasL form) (SPA)]",Q861W5,
high_div,chr3,119700000,126700000,FUN_011545,SUCO,SUCO,SUN domain-containing ossification factor (Membrane protein CH1) (Protein osteopotentia homolog) (SUN-like protein 1),Q9UBS9,"TISSUE SPECIFICITY: Highly expressed in pancreas and testis and to a lower extent in prostate, ovary, heart, thymus, small intestine and spleen. {ECO:0000269|PubMed:10673381}."
high_div,chr3,119700000,126700000,FUN_011546,PIGC,PIGC,Phosphatidylinositol N-acetylglucosaminyltransferase subunit C (Phosphatidylinositol-glycan biosynthesis class C protein) (PIG-C),Q3ZBX1,
high_div,chr3,119700000,126700000,FUN_011547,C1ORF226,C1orf226,Uncharacterized protein C1orf226,A1L170,
high_div,chr3,119700000,126700000,FUN_011548,NOS1AP,NOS1AP,Carboxyl-terminal PDZ ligand of neuronal nitric oxide synthase protein (C-terminal PDZ ligand of neuronal nitric oxide synthase protein) (Nitric oxide synthase 1 adaptor protein),O75052,TISSUE SPECIFICITY: Expressed in kidney glomeruli podocytes. {ECO:0000269|PubMed:33523862}.
high_div,chr3,119700000,126700000,FUN_011549,TMEM121,TMEM121,Transmembrane protein 121 (Protein hole),Q8QFN3,
high_div,chr3,119700000,126700000,FUN_011550,,,,,
high_div,chr3,119700000,126700000,FUN_011551,TEDC1,C14orf80,Tubulin epsilon and delta complex protein 1 (Uncharacterized protein C14orf80 homolog),Q3UK37,
high_div,chr3,119700000,126700000,FUN_011552,MGST3,MGST3,"Glutathione S-transferase 3, mitochondrial (GST-3) (EC 2.5.1.-) (Glutathione peroxidase MGST3) (EC 1.11.1.-) (LTC4 synthase MGST3) (EC 4.4.1.20)",O14880,"TISSUE SPECIFICITY: Predominantly expressed in heart, skeletal muscle, and adrenal cortex. Also found in brain, placenta, liver, kidney, pancreas, thyroid, testis and ovary. Almost absent in lung, thymus and peripheral blood leukocytes. Expressed in mast cells. {ECO:0000269|PubMed:36370807, ECO:0000269|PubMed:9278457}."
high_div,chr3,119700000,126700000,FUN_011553,LRRC52,LRRC52,Leucine-rich repeat-containing protein 52 (BK channel auxiliary gamma subunit LRRC52),Q8N7C0,TISSUE SPECIFICITY: Mainly expressed in testis and skeletal muscle. {ECO:0000269|PubMed:22547800}.
high_div,chr3,119700000,126700000,FUN_011554,,,,,
high_div,chr3,119700000,126700000,FUN_011555,LRRC52,,Leucine-rich repeat-containing protein 52 (BK channel auxiliary gamma subunit LRRC52),Q8N7C0,TISSUE SPECIFICITY: Mainly expressed in testis and skeletal muscle. {ECO:0000269|PubMed:22547800}.
high_div,chr3,119700000,126700000,FUN_011556,ADCY10,ADCY10,Adenylate cyclase type 10 (EC 4.6.1.1) (Germ cell soluble adenylyl cyclase) (sAC) (Testicular soluble adenylyl cyclase),Q866F4,
high_div,chr3,119700000,126700000,FUN_011557,FMO5,,Flavin-containing monooxygenase 5 (FMO 5) (Dimethylaniline monooxygenase [N-oxide-forming] 5) (EC 1.14.13.8) (Dimethylaniline oxidase 5) (FMO 1C1) (FMO form 3) (Hepatic flavin-containing monooxygenase 5) (NADPH oxidase) (EC 1.6.3.1),Q04799,TISSUE SPECIFICITY: Kidney and liver. {ECO:0000269|PubMed:7872795}.
high_div,chr3,119700000,126700000,FUN_011558,FMO5,FMO5,Flavin-containing monooxygenase 5 (FMO 5) (Dimethylaniline monooxygenase [N-oxide-forming] 5) (EC 1.14.13.8) (Dimethylaniline oxidase 5) (FMO 1C1) (FMO form 3) (Hepatic flavin-containing monooxygenase 5) (NADPH oxidase) (EC 1.6.3.1),Q04799,TISSUE SPECIFICITY: Kidney and liver. {ECO:0000269|PubMed:7872795}.
high_div,chr3,119700000,126700000,FUN_011559,FMO5,FMO5,Flavin-containing monooxygenase 5 (FMO 5) (Baeyer-Villiger monooxygenase 1) (hBVMO1) (EC 1.14.13.-) (Dimethylaniline monooxygenase [N-oxide-forming] 5) (EC 1.14.13.8) (Dimethylaniline oxidase 5) (NADPH oxidase) (EC 1.6.3.1),P49326,"TISSUE SPECIFICITY: Expressed in fetal and adult liver. {ECO:0000269|PubMed:7872795, ECO:0000305|PubMed:20947616}."
high_div,chr3,119700000,126700000,FUN_011560,NUF2,NUF2,Kinetochore protein Nuf2 (Cell division cycle-associated protein 1),Q76I90,
high_div,chr3,119700000,126700000,FUN_011561,,,,,
high_div,chr3,119700000,126700000,FUN_011562,,,,,
high_div,chr3,119700000,126700000,FUN_011563,,,,,
high_div,chr3,119700000,126700000,FUN_011564,,,,,
high_div,chr3,119700000,126700000,FUN_011565,,,,,
high_div,chr3,119700000,126700000,FUN_011566,,,,,
high_div,chr6,91150000,95150000,FUN_018393,WDR1,WDR1,WD repeat-containing protein 1 (Actin-interacting protein 1) (AIP1),O93277,
high_div,chr6,91150000,95150000,FUN_018394,WDR1,WDR1,WD repeat-containing protein 1 (Actin-interacting protein 1) (AIP1),O93277,
high_div,chr6,91150000,95150000,FUN_018395,,,,,
high_div,chr6,91150000,95150000,FUN_018396,,,,,
high_div,chr6,91150000,95150000,FUN_018397,RAB28,RAB28,Ras-related protein Rab-28,Q99KL7,
high_div,chr6,91150000,95150000,FUN_018398,,,,,
high_div,chr6,91150000,95150000,FUN_018399,NKX3-2,NKX3-2,Homeobox protein Nkx-3.2 (Bagpipe homeobox protein homolog 1) (Homeobox protein NK-3 homolog B),P97503,"TISSUE SPECIFICITY: Expressed widely in mesoderm at the gastroduodenal junction (at protein level). Expressed in visceral mesoderm and embryonic skeleton. Expression is restricted to immature proliferative chondrocytes during endochondral ossification. {ECO:0000269|PubMed:16421188, ECO:0000269|PubMed:19208343}."
high_div,chr6,91150000,95150000,FUN_018400,BOD1L1,BOD1L1,Biorientation of chromosomes in cell division protein 1-like 1,Q8NFC6,
high_div,chr6,91150000,95150000,FUN_018401,C1QTNF7,C1QTNF7,Complement C1q tumor necrosis factor-related protein 7,Q9BXJ2,
high_div,chr6,91150000,95150000,FUN_018402,CC2D2A,CC2D2A,Coiled-coil and C2 domain-containing protein 2A,Q9P2K1,"TISSUE SPECIFICITY: Strongly expressed in prostate, pancreas, kidney, lung, liver, retina, kidney, fetal brain and fetal kidney. Lower expression in spleen, small intestine, colon, skeletal muscle, ovary, thymus and heart. {ECO:0000269|PubMed:18387594, ECO:0000269|PubMed:18950740}."
high_div,chr6,91150000,95150000,FUN_018402,CC2D2A,CC2D2A,Coiled-coil and C2 domain-containing protein 2A,Q9P2K1,"TISSUE SPECIFICITY: Strongly expressed in prostate, pancreas, kidney, lung, liver, retina, kidney, fetal brain and fetal kidney. Lower expression in spleen, small intestine, colon, skeletal muscle, ovary, thymus and heart. {ECO:0000269|PubMed:18387594, ECO:0000269|PubMed:18950740}."
high_div,chr6,91150000,95150000,FUN_018403,FBXL5,FBXL5,F-box/LRR-repeat protein 5 (F-box and leucine-rich repeat protein 5),A2VE78,
high_div,chr6,91150000,95150000,FUN_018404,CD38,CD38,ADP-ribosyl cyclase/cyclic ADP-ribose hydrolase 1 (EC 3.2.2.-) (EC 3.2.2.6) (2'-phospho-ADP-ribosyl cyclase) (2'-phospho-ADP-ribosyl cyclase/2'-phospho-cyclic-ADP-ribose transferase) (EC 2.4.99.20) (2'-phospho-cyclic-ADP-ribose transferase) (ADP-ribosyl cyclase 1) (ADPRC 1) (CD38H) (Cyclic ADP-ribose hydrolase 1) (cADPR hydrolase 1) (CD antigen CD38),Q64244,"TISSUE SPECIFICITY: Spleen, liver, heart, thymus, thyroid gland, ileum, colon, cerebellum, salivary gland, adrenal gland, jejunum, islets of Langerhans and osteoclasts. {ECO:0000269|PubMed:10477767}."
high_div,chr6,91150000,95150000,FUN_018405,TRMT44,TRMT44,Probable tRNA (uracil-O(2)-)-methyltransferase (EC 2.1.1.211) (Methyltransferase-like protein 19),Q4KLT3,
high_div,chr6,91150000,95150000,FUN_018406,ACOX3,ACOX3,Peroxisomal acyl-coenzyme A oxidase 3 (EC 1.3.3.6) (Branched-chain acyl-CoA oxidase) (BRCACox) (Pristanoyl-CoA oxidase),O15254,
high_div,chr6,91150000,95150000,FUN_018407,SH3TC1,SH3TC1,SH3 domain and tetratricopeptide repeat-containing protein 1,Q8TE82,
high_div,chr6,91150000,95150000,FUN_018408,,,,,
high_div,chr6,91150000,95150000,FUN_31031,,,,,
high_div,chr6,91150000,95150000,FUN_018409,SLC2A3,SLC2A3,"Solute carrier family 2, facilitated glucose transporter member 3 (CEF-GT3) (Glucose transporter type 3) (GLUT-3)",P28568,
high_div,chr6,91150000,95150000,FUN_018410,,,,,
high_div,chr6,91150000,95150000,FUN_018411,,,,,
high_div,chr6,91150000,95150000,FUN_018412,FOXJ2,FOXJ2,Forkhead box protein J2 (Fork head homologous X),Q9P0K8,TISSUE SPECIFICITY: Widely expressed.
high_div,chr6,91150000,95150000,FUN_018413,C3AR1,C3AR1,C3a anaphylatoxin chemotactic receptor (C3AR) (C3a-R),Q6TAC8,
high_div,chr6,91150000,95150000,FUN_018414,NECAP1,NECAP1,Adaptin ear-binding coat-associated protein 1 (NECAP endocytosis-associated protein 1) (NECAP-1),Q3T093,
high_div,chr6,91150000,95150000,FUN_018415,,,,,
high_div,chr6,91150000,95150000,FUN_018416,MSX1,MSX1,Homeobox protein MSX-1 (Homeobox protein Hox-7) (Hox-7.1) (Msh homeobox 1-like protein),P13297,
high_div,chr6,91150000,95150000,FUN_018417,,,,,
high_div,chr6,91150000,95150000,FUN_018418,STX18,STX18,Syntaxin-18 (Cell growth-inhibiting gene 9 protein),Q9P2W9,TISSUE SPECIFICITY: Ubiquitous.
high_div,chr6,91150000,95150000,FUN_018419,,,,,
high_div,chr6,91150000,95150000,FUN_018420,NSG1,HGNC:18790,Neuronal vesicle trafficking-associated protein 1 (Neuron-specific protein family member 1) (Protein LZ1),Q8QFP1,
high_div,chr6,91150000,95150000,FUN_31032,,,,,
high_div,chr6,91150000,95150000,FUN_018421,ZBTB49,ZBTB49,Zinc finger and BTB domain-containing protein 49 (Zinc finger protein 509),Q6ZSB9,"TISSUE SPECIFICITY: Highly expressed in normal epidermis and in other epithelial tissues, including in colon and lung. Tends to be down-regulated in colon, lung and skin cancer tissues. {ECO:0000269|PubMed:25245946}."
high_div,chr6,91150000,95150000,FUN_018422,,,,,
high_div,chr6,91150000,95150000,FUN_018423,LYAR,LYAR,Cell growth-regulating nucleolar protein (Ly1 antibody-reactive protein) (Protein expressed in male leptotene and zygotene spermatocytes 264) (MLZ-264),Q08288,"TISSUE SPECIFICITY: Predominantly expressed in testis, in germ cells, and at a moderate level in spleen, liver and lung (at protein level) (PubMed:19489080, PubMed:23212345, PubMed:24990247). Very high levels in spermatogonia, spermatocytes and round spermatids, but not in testicular sperm and mature sperm (at protein level) (PubMed:20339383, PubMed:23212345, PubMed:24990247). Expressed in ovary (PubMed:20339383). Expressed in the retina, including in photoreceptor outer segments (at protein level) (PubMed:25735755). Expressed in undifferentiated embryonic stem cells (PubMed:19489080, PubMed:23212345). {ECO:0000269|PubMed:19489080, ECO:0000269|PubMed:20339383, ECO:0000269|PubMed:23212345, ECO:0000269|PubMed:24990247, ECO:0000269|PubMed:25735755}."
high_div,chr6,91150000,95150000,FUN_018424,,,,,
high_div,chr6,91150000,95150000,FUN_018425,,,,,
high_div,chr6,91150000,95150000,FUN_018426,ZNF658,,Zinc finger protein 658,Q5TYW1,
high_div,chr6,91150000,95150000,FUN_018427,VMN2R26,Vmn2r65,Vomeronasal type-2 receptor 26 (Putative pheromone receptor V2R1b) (Vomeronasal type-2 receptor 1b),Q6TAC4,TISSUE SPECIFICITY: Expressed in the basal epithelium of the vomeronasal organ. Located to vomeronasal sensory neurons that project their axons to six to ten glomeruli that reside in globally conserved areas within the caudal accessory olfactory bulb (AOB). {ECO:0000269|PubMed:12354396}.
high_div,chr6,91150000,95150000,FUN_018428,SMG5,SMG5,Nonsense-mediated mRNA decay factor SMG5 (EST1-like protein B) (LPTS-RP1) (LPTS-interacting protein) (SMG-5 homolog),Q6ZPY2,
high_div,chr6,91150000,95150000,FUN_018429,,,,,
high_div,chr6,91150000,95150000,FUN_018430,PAQR6,PAQR6,Membrane progestin receptor delta (mPR delta) (Membrane progesterone P4 receptor delta) (Membrane progesterone receptor delta) (Progesterone and adipoQ receptor family member 6) (Progestin and adipoQ receptor family member 6) (Progestin and adipoQ receptor family member VI),Q6TCG5,
high_div,chr6,91150000,95150000,FUN_018431,,,,,
high_div,chr6,91150000,95150000,FUN_018432,,,,,
high_div,chr6,91150000,95150000,FUN_018433,,,,,
high_div,chr6,91150000,95150000,FUN_018434,,,,,
high_div,chr6,91150000,95150000,FUN_018435,,,,,
high_div,chr6,91150000,95150000,FUN_018436,,,,,
high_div,chr6,91150000,95150000,FUN_018437,,,,,
high_div,chr6,91150000,95150000,FUN_018438,,,,,
high_div,chr6,91150000,95150000,FUN_018439,,,,,
high_div,chr6,91150000,95150000,FUN_018440,,,,,
high_div,chr6,91150000,95150000,FUN_018441,,,,,
high_div,chr6,91150000,95150000,FUN_018442,,,,,
high_div,chr6,91150000,95150000,FUN_018443,,,,,
high_div,chr6,91150000,95150000,FUN_018444,,,,,
high_div,chr6,91150000,95150000,FUN_018445,,,,,
high_div,chr6,91150000,95150000,FUN_018446,,,,,
high_div,chr6,91150000,95150000,FUN_018447,TMEM79,TMEM79,Transmembrane protein 79 (Mattrin),Q5E9U3,
high_div,chr6,91150000,95150000,FUN_018448,,,,,
high_div,chr6,91150000,95150000,FUN_018449,,,,,
high_div,chr6,91150000,95150000,FUN_018450,NAALADL1,NAALADL1,Aminopeptidase NAALADL1 (EC 3.4.11.-) (100 kDa ileum brush border membrane protein) (I100) (Ileal dipeptidylpeptidase) (N-acetylated-alpha-linked acidic dipeptidase-like protein) (NAALADase L),Q9UQQ1,"TISSUE SPECIFICITY: Detected in small intestine (at protein level) (PubMed:25752612). Detected in ileum (PubMed:9388249). Detected in small intestine, spleen and testis. Isoform 2 and isoform 3 are found in the small intestine and colon (PubMed:10085079). {ECO:0000269|PubMed:10085079, ECO:0000269|PubMed:25752612, ECO:0000269|PubMed:9388249}."
high_div,chr6,91150000,95150000,FUN_31033,,,,,
high_div,chr6,91150000,95150000,FUN_018451,,,,,
high_div,chr6,91150000,95150000,FUN_018452,CDCA5-B,CDCA5,Sororin-B (Cell division cycle-associated protein 5-B),Q5XG21,
high_div,chr6,91150000,95150000,FUN_018453,ZFPL1,ZFPL1,Zinc finger protein-like 1,Q0VFM0,
high_div,chr6,91150000,95150000,FUN_018454,TMEM262,TMEM262,Cation channel sperm-associated auxiliary subunit TMEM262 (Cation channel sperm-associated auxiliary subunit eta) (Transmembrane protein 262),D3Z338,
high_div,chr6,91150000,95150000,FUN_018455,VPS51,VPS51,Vacuolar protein sorting-associated protein 51 homolog (Protein fat-free),Q155U0,TISSUE SPECIFICITY: Ubiquitously expressed in adult. {ECO:0000269|PubMed:16581006}.
high_div,chr6,91150000,95150000,FUN_31034,,,,,
high_div,chr6,91150000,95150000,FUN_018456,TLR5,,Toll-like receptor 5,Q9JLF7,TISSUE SPECIFICITY: Highly expressed in liver (PubMed:30089902). Detected in lung and at very low levels in most other tissues. {ECO:0000269|PubMed:30089902}.
high_div,chr6,91150000,95150000,FUN_31035,,,,,
high_div,chr6,91150000,95150000,FUN_018457,,,,,
high_div,chr6,91150000,95150000,FUN_018458,TM7SF2,TM7SF2,Delta(14)-sterol reductase TM7SF2 (Delta-14-SR) (EC 1.3.1.70) (3-beta-hydroxysterol Delta (14)-reductase) (C-14 sterol reductase) (C14SR) (Sterol C14-reductase) (Transmembrane 7 superfamily member 2),Q71KT5,"TISSUE SPECIFICITY: Strongly expressed in liver, weaker in ovary, testis, kidney and brain. {ECO:0000269|PubMed:18785926}."
high_div,chr6,91150000,95150000,FUN_018459,,,,,
high_div,chr6,91150000,95150000,FUN_018460,ZNHIT2,ZNHIT2,Zinc finger HIT domain-containing protein 2 (Protein FON),Q9QY66,TISSUE SPECIFICITY: Low expression in most tissues; highly expressed in testis; particularly in seminiferous tubules. {ECO:0000269|PubMed:10602999}.
high_div,chr6,91150000,95150000,FUN_018461,FAU,FAU,Ubiquitin-like FUBI-ribosomal protein eS30 fusion protein (FAU ubiquitin like and ribosomal protein S30 fusion) [Cleaved into: Ubiquitin-like protein FUBI; Small ribosomal subunit protein eS30 (40S ribosomal protein S30)],P62861,
high_div,chr6,91150000,95150000,FUN_018462,MRPL49,MRPL49,"Large ribosomal subunit protein mL49 (39S ribosomal protein L49, mitochondrial) (L49mt) (MRP-L49)",Q9CQ40,
high_div,chr6,91150000,95150000,FUN_018463,PRPF39,,Pre-mRNA-processing factor 39 (PRP39 homolog),Q86UA1,
high_div,chr6,91150000,95150000,FUN_018464,EEF1G,EEF1G,Elongation factor 1-gamma (EF-1-gamma) (eEF-1B gamma),P29694,
high_div,chr6,91150000,95150000,FUN_018465,,,,,
high_div,chr6,91150000,95150000,FUN_018466,AHNAK,AHNAK,Neuroblast differentiation-associated protein AHNAK (Desmoyokin),Q09666,
high_div,chr6,91150000,95150000,FUN_018467,SAC3D1,SAC3D1,SAC3 domain-containing protein 1 (SAC3 homology domain-containing protein 1),A6NKF1,
high_div,chr6,91150000,95150000,FUN_018468,ARL2,ARL2,ADP-ribosylation factor-like protein 2,P36404,
high_div,chr6,91150000,95150000,FUN_018469,SNX15,SNX15,Sorting nexin-15,Q148E7,
high_div,chr6,91150000,95150000,FUN_018470,,,,,
high_div,chr6,91150000,95150000,FUN_018471,RBM4.1,,RNA-binding protein 4.1 (RNA-binding motif protein 4.1),Q6IQ97,
high_div,chr6,91150000,95150000,FUN_018472,,,,,
high_div,chr6,91150000,95150000,FUN_018473,,,,,
high_div,chr6,91150000,95150000,FUN_018474,GPHA2,GPHA2,Glycoprotein hormone alpha-2 (Putative secreted protein Zsig51) (Thyrostimulin subunit alpha),Q96T91,TISSUE SPECIFICITY: Found in a variety of tissues. {ECO:0000269|PubMed:12089349}.
high_div,chr6,91150000,95150000,FUN_018475,PPP2R5B,PPP2R5B,Serine/threonine-protein phosphatase 2A 56 kDa regulatory subunit beta isoform (PP2A B subunit isoform B'-alpha) (PP2A B subunit isoform B'-beta) (PP2A B subunit isoform B56-beta) (PP2A B subunit isoform PR61-beta) (PP2A B subunit isoform R5-beta),Q28647,TISSUE SPECIFICITY: Highly expressed in brain.
high_div,chr6,91150000,95150000,FUN_018476,SLC22A6-B,,Solute carrier family 22 member 6-B (Organic cation transporter 1-B) (Renal organic anion transporter 1-B) (ROAT1-B),Q66J52,
high_div,chr6,91150000,95150000,FUN_018477,ATG2A,ATG2A,Autophagy-related protein 2 homolog A,Q08D51,
high_div,chr6,91150000,95150000,FUN_018478,,,,,
high_div,chr6,91150000,95150000,FUN_018479,ITPKB,,"Inositol-trisphosphate 3-kinase B (EC 2.7.1.127) (Inositol 1,4,5-trisphosphate 3-kinase B) (IP3 3-kinase B) (IP3K B) (InsP 3-kinase B)",P27987,
high_div,chr6,91150000,95150000,FUN_018480,,,,,
high_div,chr6,91150000,95150000,FUN_018481,PC,PC,"Pyruvate carboxylase, mitochondrial (EC 6.4.1.1) (Pyruvic carboxylase) (PCB)",P11498,
high_div,chr6,91150000,95150000,FUN_31036,LRFN4,LRFN4,Leucine-rich repeat and fibronectin type-III domain-containing protein 4,Q6PJG9,
high_div,chr6,91150000,95150000,FUN_31037,,,,,
high_div,chr6,91150000,95150000,FUN_018482,,,,,
high_div,chr6,91150000,95150000,FUN_018483,BCAN,,Brevican core protein (Brain-enriched hyaluronan-binding protein) (BEHAB),P41725,TISSUE SPECIFICITY: Central nervous system.
high_div,chr6,91150000,95150000,FUN_018484,BCAN,BCAN,Brevican core protein (Brain-enriched hyaluronan-binding protein) (BEHAB) (Chondroitin sulfate proteoglycan 7),Q96GW7,"TISSUE SPECIFICITY: Expressed in the retina, specifically in the inner nuclear layer, inner plexiform layer and ganglion cell layer (at protein level) (PubMed:29777959). Detected in cerebrospinal fluid (at protein level) (PubMed:25326458). {ECO:0000269|PubMed:25326458, ECO:0000269|PubMed:29777959}."
high_div,chr6,91150000,95150000,FUN_018485,MEF2D,,Myocyte-specific enhancer factor 2D homolog (Serum response factor-like protein 1) (SL-1),Q03413,TISSUE SPECIFICITY: Restricted to the somitic mesoderm of early embryos and to the body muscle (myotomes) of the tadpole. Expressed in all tissues examined in the adult.
